"main_category","name","slug","source"
"Davetiye Hediyelik ve Cicek","Cicek Gonderme","service-cicek-gonderme","merged"
"Davetiye Hediyelik ve Cicek","Cicek Tasarimi","service-cicek-tasarimi","merged"
"Davetiye Hediyelik ve Cicek","Cicekci","service-cicekci","merged"
"Davetiye Hediyelik ve Cicek","Davetiye","service-davetiye","merged"
"Davetiye Hediyelik ve Cicek","Davetiye Baski","service-davetiye-baski","merged"
"Davetiye Hediyelik ve Cicek","Davetiye Tasarim","service-davetiye-tasarim","merged"
"Davetiye Hediyelik ve Cicek","Dijital Davetiye","service-dijital-davetiye","merged"
"Davetiye Hediyelik ve Cicek","Dugun Davetiyesi","service-dugun-davetiyesi","merged"
"Davetiye Hediyelik ve Cicek","Dugun Hediyelik","service-dugun-hediyelik","merged"
"Davetiye Hediyelik ve Cicek","Hediyelik Yapimi","service-hediyelik-yapimi","merged"
"Davetiye Hediyelik ve Cicek","Mevlut Hediyelik","service-mevlut-hediyelik","merged"
"Davetiye Hediyelik ve Cicek","Nikah Hediyelik","service-nikah-hediyelik","merged"
"Davetiye Hediyelik ve Cicek","Nikah Sekeri","service-nikah-sekeri","merged"
"Davetiye Hediyelik ve Cicek","Nisan Hediyelik","service-nisan-hediyelik","merged"
"Davetiye Hediyelik ve Cicek","Sunnet Arabasi Kiralama","sunnet-arabasi-kiralama","merged"
"Davetiye Hediyelik ve Cicek","Yenidogan Hediyelik","service-yenidogan-hediyelik","merged"
"Etkinlik Organizasyon","Dansoz Kiralama","service-dansoz-kiralama","merged"
"Etkinlik Organizasyon","Dugun Organizasyon","service-dugun-organizasyon","merged"
"Etkinlik Organizasyon","Etkinlik Fotografcisi","service-etkinlik-fotografcisi","merged"
"Etkinlik Organizasyon","Etkinlik Hostesi","service-etkinlik-hostesi","merged"
"Etkinlik Organizasyon","Evde Nisan Organizasyonu","service-evde-nisan-organizasyonu","merged"
"Etkinlik Organizasyon","Evde Soz Organizasyonu","service-evde-soz-organizasyonu","merged"
"Etkinlik Organizasyon","Evlilik Teklifi Organizasyon","service-evlilik-teklifi-organizasyon","merged"
"Etkinlik Organizasyon","Gelin Arabasi Susleme","service-gelin-arabasi-susleme","merged"
"Etkinlik Organizasyon","Karsilama Hostesi","service-karsilama-hostesi","merged"
"Etkinlik Organizasyon","Kina Elbisesi Kiralama","service-kina-elbisesi-kiralama","merged"
"Etkinlik Organizasyon","Kina Fotograf Cekimi","service-kina-fotograf-cekimi","merged"
"Etkinlik Organizasyon","Kina Organizasyon","kina-organizasyon","merged"
"Etkinlik Organizasyon","Kina Organizasyon","service-kina-organizasyon","merged"
"Etkinlik Organizasyon","Kina Tahti Kiralama","kina-tahti-kiralama","merged"
"Etkinlik Organizasyon","Muzik Organizasyonu","service-muzik-organizasyonu","merged"
"Etkinlik Organizasyon","Nikah Organizasyon","service-nikah-organizasyon","merged"
"Etkinlik Organizasyon","Nisan Arka Fon Kiralama","service-nisan-arka-fon-kiralama","merged"
"Etkinlik Organizasyon","Nisan Cikolatasi","service-nisan-cikolatasi","merged"
"Etkinlik Organizasyon","Nisan Fotografcisi","service-nisan-fotografcisi","merged"
"Etkinlik Organizasyon","Nisan Masasi Kiralama","nisan-masasi-kiralama","merged"
"Etkinlik Organizasyon","Nisan Organizasyon","nisan-organizasyon","merged"
"Etkinlik Organizasyon","Nisan Organizasyon","service-nisan-organizasyon","merged"
"Etkinlik Organizasyon","Nisan Yemegi","service-nisan-yemegi","merged"
"Etkinlik Organizasyon","Soz Fotograf Cekimi","service-soz-fotograf-cekimi","merged"
"Etkinlik Organizasyon","Soz Nisan Organizasyon","service-soz-nisan-organizasyon","merged"
"Etkinlik Organizasyon","Soz Organizasyon","service-soz-organizasyon","merged"
"Etkinlik Organizasyon","Sunnet Organizasyonu","sunnet-organizasyonu","merged"
"Fotograf ve Video","Dis Cekim Fotograf","service-dis-cekim-fotograf","merged"
"Fotograf ve Video","Drone Cekimi","service-drone-cekimi","merged"
"Fotograf ve Video","Dugun Drone Cekimi","service-dugun-drone-cekimi","merged"
"Fotograf ve Video","Dugun Fotografcisi","service-dugun-fotografcisi","merged"
"Fotograf ve Video","Dugun Video Cekimi","service-dugun-video-cekimi","merged"
"Fotograf ve Video","Evlilik Teklifi Fotograf Cekimi","service-evlilik-teklifi-fotograf-cekimi","merged"
"Fotograf ve Video","Kameraman","service-kameraman","merged"
"Fotograf ve Video","Kina Fotografcisi","kina-fotografcisi","merged"
"Fotograf ve Video","Nikah Fotografcisi","nikah-fotografcisi","merged"
"Fotograf ve Video","Nisan Fotografcisi","nisan-fotografcisi","merged"
"Fotograf ve Video","Sunnet Fotografcisi","sunnet-fotografcisi","merged"
"Gelin Arabasi ve Transfer","Gelin Arabasi Kiralama","service-gelin-arabasi-kiralama","merged"
"Gelin Arabasi ve Transfer","Limuzin Kiralama","service-limuzin-kiralama","merged"
"Gelin Arabasi ve Transfer","Transfer","service-transfer","merged"
"Gelin Arabasi ve Transfer","Ustu Acik Gelin Arabasi Kiralama","service-ustu-acik-gelin-arabasi-kiralama","merged"
"Gelin Arabasi ve Transfer","Vip Transfer","service-vip-transfer","merged"
"Gelin Arabasi ve Transfer","Vito Gelin Arabasi Kiralama","service-vito-gelin-arabasi-kiralama","merged"
"Guzellik ve Hazirlik","Dugun Makyaji","service-dugun-makyaji","merged"
"Guzellik ve Hazirlik","Evde Kuafor","service-evde-kuafor","merged"
"Guzellik ve Hazirlik","Evde Makyaj","service-evde-makyaj","merged"
"Guzellik ve Hazirlik","Evde Nisan Makyaji","service-evde-nisan-makyaji","merged"
"Guzellik ve Hazirlik","Fotograf Cekimi Makyaji","service-fotograf-cekimi-makyaji","merged"
"Guzellik ve Hazirlik","Gelin Makyaji","service-gelin-makyaji","merged"
"Guzellik ve Hazirlik","Gelin Sac Makyaj","service-gelin-sac-makyaj","merged"
"Guzellik ve Hazirlik","Gelin Saci","service-gelin-saci","merged"
"Guzellik ve Hazirlik","Gelinlik","service-gelinlik","merged"
"Guzellik ve Hazirlik","Gelinlik Dikimi","service-gelinlik-dikimi","merged"
"Guzellik ve Hazirlik","Gelinlik Kiralama","service-gelinlik-kiralama","merged"
"Guzellik ve Hazirlik","Gelinlik Kuru Temizleme","service-gelinlik-kuru-temizleme","merged"
"Guzellik ve Hazirlik","Gelinlik Tadilati","service-gelinlik-tadilati","merged"
"Guzellik ve Hazirlik","Glitter Makyaj","service-glitter-makyaj","merged"
"Guzellik ve Hazirlik","Gunluk Makyaj","service-gunluk-makyaj","merged"
"Guzellik ve Hazirlik","Kiz Isteme Makyaji","service-kiz-isteme-makyaji","merged"
"Guzellik ve Hazirlik","Kuafor","service-kuafor","merged"
"Guzellik ve Hazirlik","Makyaj","service-makyaj","merged"
"Guzellik ve Hazirlik","Makyaj Masasi Yapimi","service-makyaj-masasi-yapimi","merged"
"Guzellik ve Hazirlik","Nikah Makyaji","service-nikah-makyaji","merged"
"Guzellik ve Hazirlik","Nisan Makyaji","service-nisan-makyaji","merged"
"Guzellik ve Hazirlik","Ozel Gun Makyaji","service-ozel-gun-makyaji","merged"
"Guzellik ve Hazirlik","Sac Ve Makyaj","service-sac-ve-makyaj","merged"
"Guzellik ve Hazirlik","Tesettur Gelinlik Kiralama","service-tesettur-gelinlik-kiralama","merged"
"Ikram ve Catering","Catering","service-catering","merged"
"Ikram ve Catering","Davet Catering","service-davet-catering","merged"
"Ikram ve Catering","Dugun Catering","service-dugun-catering","merged"
"Ikram ve Catering","Dugun Ikramliklari","service-dugun-ikramliklari","merged"
"Ikram ve Catering","Dugun Pastasi","service-dugun-pastasi","merged"
"Ikram ve Catering","Kokteyl Catering","service-kokteyl-catering","merged"
"Ikram ve Catering","Nisan Ikramliklari Catering","service-nisan-ikramliklari-catering","merged"
"Ikram ve Catering","Nisan Menusu Catering","service-nisan-menusu-catering","merged"
"Ikram ve Catering","Nisan Pastasi","service-nisan-pastasi","merged"
"Ikram ve Catering","Soz Pastasi","service-soz-pastasi","merged"
"Mekanlar","Bekarliga Veda Mekanlari","service-bekarliga-veda-mekanlari","merged"
"Mekanlar","Davet Salonu","service-davet-salonu","merged"
"Mekanlar","Dugun Mekanlari","service-dugun-mekanlari","merged"
"Mekanlar","Dugun Salonu","dugun-salonu","merged"
"Mekanlar","Dugun Salonu","service-dugun-salonu","merged"
"Mekanlar","Ic Mekan Tasarimi","service-ic-mekan-tasarimi","merged"
"Mekanlar","Kina Mekanlari","service-kina-mekanlari","merged"
"Mekanlar","Kir Dugunu","service-kir-dugunu","merged"
"Mekanlar","Mekan Fotografcisi","service-mekan-fotografcisi","merged"
"Mekanlar","Nisan Mekanlari","service-nisan-mekanlari","merged"
"Mekanlar","Soz Mekanlari","service-soz-mekanlari","merged"
"Mekanlar","Soz Nisan Mekanlari","service-soz-nisan-mekanlari","merged"
"Muzik Gruplari","Bando Takimi","service-bando-takimi","merged"
"Muzik Gruplari","Bayan Orkestra","bayan-orkestra","merged"
"Muzik Gruplari","Canli Muzik","service-canli-muzik","merged"
"Muzik Gruplari","Dj Kiralama","service-dj-kiralama","merged"
"Muzik Gruplari","Dugun Bandosu","service-dugun-bandosu","merged"
"Muzik Gruplari","Dugun Davulcusu","service-dugun-davulcusu","merged"
"Muzik Gruplari","Dugun Dj","service-dugun-dj","merged"
"Muzik Gruplari","Dugun Orkestrasi","dugun-orkestrasi","merged"
"Muzik Gruplari","Dugun Orkestrasi","service-dugun-orkestrasi","merged"
"Muzik Gruplari","Fasil Ekibi","service-fasil-ekibi","merged"
"Muzik Gruplari","Gelin Alma Bandosu","gelin-alma-bandosu","merged"
"Muzik Gruplari","Gelin Alma Bandosu","service-gelin-alma-bandosu","merged"
"Muzik Gruplari","Ilahi Grubu","ilahi-grubu","merged"
"Muzik Gruplari","Kadin DJ","kadin-dj","merged"
"Muzik Gruplari","Kadin Dj","service-kadin-dj","merged"
"Muzik Gruplari","Mehter Takimi","mehter-takimi","merged"
"Muzik Gruplari","Muzik Ekibi","service-muzik-ekibi","merged"
"Muzik Gruplari","Muzik Grubu","service-muzik-grubu","merged"
"Muzik Gruplari","Muzik Produksiyon","service-muzik-produksiyon","merged"
"Muzik Gruplari","Muzik Studyosu Kiralama","service-muzik-studyosu-kiralama","merged"
"Muzik Gruplari","Muzik Yapimi","service-muzik-yapimi","merged"
"Muzik Gruplari","Muzik Yetenek Sinavi Hazirlik","service-muzik-yetenek-sinavi-hazirlik","merged"
"Muzik Gruplari","Muzisyen","service-muzisyen","merged"
"Muzik Gruplari","Orkestra","service-orkestra","merged"
"Muzik Gruplari","Profesyonel Dj","service-profesyonel-dj","merged"
"Muzik Gruplari","Trio Muzik Grubu","service-trio-muzik-grubu","merged"
